-- phpMyAdmin SQL Dump
-- version 4.7.0
-- https://www.phpmyadmin.net/
--
-- Host: 127.0.0.1
-- Generation Time: 25 Mei 2023 pada 17.24
-- Versi Server: 10.1.25-MariaDB
-- PHP Version: 5.6.31

SET SQL_MODE = "NO_AUTO_VALUE_ON_ZERO";
SET AUTOCOMMIT = 0;
START TRANSACTION;
SET time_zone = "+00:00";


/*!40101 SET @OLD_CHARACTER_SET_CLIENT=@@CHARACTER_SET_CLIENT */;
/*!40101 SET @OLD_CHARACTER_SET_RESULTS=@@CHARACTER_SET_RESULTS */;
/*!40101 SET @OLD_COLLATION_CONNECTION=@@COLLATION_CONNECTION */;
/*!40101 SET NAMES utf8mb4 */;

--
-- Database: `db_pemilu`
--

-- --------------------------------------------------------

--
-- Struktur dari tabel `desa`
--

CREATE TABLE `desa` (
  `id_desa` int(100) NOT NULL,
  `id_kecamatan` int(100) NOT NULL,
  `nama_desa` varchar(100) NOT NULL
) ENGINE=InnoDB DEFAULT CHARSET=latin1;

--
-- Dumping data untuk tabel `desa`
--

INSERT INTO `desa` (`id_desa`, `id_kecamatan`, `nama_desa`) VALUES
(1, 1, 'ADI LUWIH'),
(2, 1, 'BANDUNG BARU'),
(3, 1, 'BANDUNG BARU BARAT'),
(4, 1, 'ENGGAL REJO'),
(5, 1, 'KUTA WARINGIN'),
(6, 1, 'PURWODADI'),
(7, 1, 'SINAR WAYA'),
(8, 1, 'SRIKATON'),
(9, 1, 'SUKOHARUM'),
(10, 1, 'TOTOKARTO'),
(11, 1, 'TRI TUNGGAL MULYA'),
(12, 1, 'TUNGGUL PAWENANG'),
(13, 1, 'WARINGIN SARI TIMUR'),
(14, 2, 'AMBARAWA'),
(15, 2, 'AMBARAWA BARAT'),
(16, 2, 'AMBARAWA TIMUR'),
(17, 2, 'JATI AGUNG'),
(18, 2, 'KRESNO MULYO'),
(19, 2, 'MARGODADI'),
(20, 2, 'SUMBER AGUNG'),
(21, 2, 'TANJUNG ANOM'),
(22, 3, 'BANJAREJO'),
(23, 3, 'BANYUMAS'),
(24, 3, 'BANYU URIP'),
(25, 3, 'BANYUWANGI'),
(26, 3, 'MULYO REJO'),
(27, 3, 'NUSA WUNGU'),
(28, 3, 'SINAR MULIA'),
(29, 3, 'SRI RAHAYU'),
(30, 3, 'SRIWUNGU'),
(31, 3, 'SUKAMULYA'),
(32, 3, 'WAYA KRUI'),
(33, 4, 'BLITAREJO'),
(34, 4, 'BULOKARTO'),
(35, 4, 'BULUREJO'),
(36, 4, 'GADING REJO'),
(37, 4, 'GADINGREJO TIMUR'),
(38, 4, 'GADINGREJO UTARA'),
(39, 4, 'KEDIRI'),
(40, 4, 'KLATEN'),
(41, 4, 'MATARAM'),
(42, 4, 'PANJEREJO'),
(43, 4, 'PAREREJO'),
(44, 4, 'TAMBAHREJO'),
(45, 4, 'TAMBAHREJO BARAT'),
(46, 4, 'TEGAL SARI'),
(47, 4, 'TULUNG AGUNG'),
(48, 4, 'WATES'),
(49, 4, 'WATES SELATAN'),
(50, 4, 'WATES TIMUR'),
(51, 4, 'WONODADI'),
(52, 4, 'WONODADI UTARA'),
(53, 4, 'WONOSARI'),
(54, 4, 'YOGYAKARTA'),
(55, 4, 'YOGYAKARTA SELATAN'),
(56, 5, 'BUMI RATU'),
(57, 5, 'BUMI REJO'),
(58, 5, 'CANDI RETNO'),
(59, 5, 'GANJARAN'),
(60, 5, 'GEMAH RIPAH'),
(61, 5, 'GUMUK MAS'),
(62, 5, 'GUMUKREJO'),
(63, 5, 'KARANG SARI'),
(64, 5, 'LUGUSARI'),
(65, 5, 'PADANG REJO'),
(66, 5, 'PAGELARAN'),
(67, 5, 'PAMENANG'),
(68, 5, 'PANUTAN'),
(69, 5, 'PASIR UKIR'),
(70, 5, 'PATOMAN'),
(71, 5, 'PUJI HARJO'),
(72, 5, 'SIDODADI'),
(73, 5, 'SUKA RATU'),
(74, 5, 'SUKA WANGI'),
(75, 5, 'SUMBER REJO'),
(76, 5, 'TANJUNG DALOM'),
(77, 5, 'WAY NGISON'),
(78, 6, 'FAJAR BARU'),
(79, 6, 'FAJAR MULIA'),
(80, 6, 'GIRI TUNGGAL'),
(81, 6, 'GUNUNGRAYA'),
(82, 6, 'KEMILIN'),
(83, 6, 'MADARAYA'),
(84, 6, 'MARGOSARI'),
(85, 6, 'NEGLASARI'),
(86, 6, 'SUMBER BANDUNG'),
(87, 6, 'WAY KUNYIR'),
(88, 7, 'KEDAUNG'),
(89, 7, 'PARDASUKA'),
(90, 7, 'PARDASUKA SELATAN'),
(91, 7, 'PARDASUKA TIMUR'),
(92, 7, 'PUJODADI'),
(93, 7, 'RANTAU TIJANG'),
(94, 7, 'SELAPAN'),
(95, 7, 'SIDODADI'),
(96, 7, 'SUKA NEGERI'),
(97, 7, 'SUKOREJO'),
(98, 7, 'TANJUNG RUSIA'),
(99, 7, 'TANJUNG RUSIA TIMUR'),
(100, 7, 'WARGA MULYO'),
(101, 8, 'BUMI ARUM'),
(102, 8, 'BUMI AYU'),
(103, 8, 'FAJAR AGUNG'),
(104, 8, 'FAJAR AGUNG BARAT'),
(105, 8, 'FAJARESUK'),
(106, 8, 'MARGAKAYA'),
(107, 8, 'PODOMORO'),
(108, 8, 'PODOSARI'),
(109, 8, 'PRINGSEWU BARAT'),
(110, 8, 'PRINGSEWU SELATAN'),
(111, 8, 'PRINGSEWU TIMUR'),
(112, 8, 'PRINGSEWU UTARA'),
(113, 8, 'REJO SARI'),
(114, 8, 'SIDOHARJO'),
(115, 8, 'WALUYOJATI'),
(116, 9, 'KEPUTRAN'),
(117, 9, 'PANDAN SARI'),
(118, 9, 'PANDAN SARI SELATAN'),
(119, 9, 'PANDAN SURAT'),
(120, 9, 'PANGGUNG REJO'),
(121, 9, 'PANGGUNG REJO UTARA'),
(122, 9, 'SILIWANGI'),
(123, 9, 'SINAR BARU'),
(124, 9, 'SINAR BARU TIMUR'),
(125, 9, 'SUKOHARJO I'),
(126, 9, 'SUKOHARJO II'),
(127, 9, 'SUKOHARJO III'),
(128, 9, 'SUKOHARJO IV'),
(129, 9, 'SUKOYOSO'),
(130, 9, 'WARINGIN SARI BARAT'),
(131, 9, 'SUKOHARJO III BARAT');

-- --------------------------------------------------------

--
-- Struktur dari tabel `kecamatan`
--

CREATE TABLE `kecamatan` (
  `id_kecamatan` int(100) NOT NULL,
  `nama_kecamatan` varchar(100) NOT NULL
) ENGINE=InnoDB DEFAULT CHARSET=latin1;

--
-- Dumping data untuk tabel `kecamatan`
--

INSERT INTO `kecamatan` (`id_kecamatan`, `nama_kecamatan`) VALUES
(1, 'ADILUWIH'),
(2, 'AMBARAWA'),
(3, 'BANYUMAS'),
(4, 'GADING REJO'),
(5, 'PAGELARAN'),
(6, 'PAGELARAN UTARA'),
(7, 'PARDASUKA'),
(8, 'PRINGSEWU'),
(9, 'SUKOHARJO');

-- --------------------------------------------------------

--
-- Struktur dari tabel `menu`
--

CREATE TABLE `menu` (
  `id_menu` int(11) NOT NULL,
  `nama_menu` varchar(250) NOT NULL,
  `link` varchar(520) NOT NULL,
  `link_b` varchar(100) NOT NULL,
  `icon_menu` varchar(100) NOT NULL,
  `status` varchar(25) NOT NULL,
  `aktif` varchar(11) NOT NULL DEFAULT 'Y'
) ENGINE=InnoDB DEFAULT CHARSET=latin1;

--
-- Dumping data untuk tabel `menu`
--

INSERT INTO `menu` (`id_menu`, `nama_menu`, `link`, `link_b`, `icon_menu`, `status`, `aktif`) VALUES
(1, 'SETTING', 'index.php?aksi=profil', '', 'fa-bar-chart-o', 'admin', 'Y'),
(6, 'PASLON', 'index.php?aksi=paslon', '', 'fa-calendar', 'admin', 'Y'),
(10, 'DATA TPS', '#', '', 'fa-users', 'admin', 'Y'),
(11, 'QUIQCOUNT', 'index.php?aksi=inputdata', '', 'fa-table', 'admin', 'Y'),
(14, 'MENU', 'index.php?aksi=menu', '', 'fa-file-text', 'admin', 'Y'),
(18, 'SUB MENU', 'index.php?aksi=submenu', '', 'fa-calendar-minus-o', 'admin', 'Y');

-- --------------------------------------------------------

--
-- Struktur dari tabel `paslon`
--

CREATE TABLE `paslon` (
  `id_paslon` int(100) NOT NULL,
  `nama_paslon` varchar(200) NOT NULL,
  `dapil` varchar(200) NOT NULL
) ENGINE=InnoDB DEFAULT CHARSET=latin1;

--
-- Dumping data untuk tabel `paslon`
--

INSERT INTO `paslon` (`id_paslon`, `nama_paslon`, `dapil`) VALUES
(1, 'GUMIMAN & JUJUN', 'PRINGSEWU'),
(2, 'ALMIRA NABILA FAUZI', 'PRINGSEWU'),
(3, 'MARDI & WIDI', 'PRINGSEWU');

-- --------------------------------------------------------

--
-- Struktur dari tabel `profil`
--

CREATE TABLE `profil` (
  `id_profil` int(20) NOT NULL,
  `nama_app` varchar(100) NOT NULL,
  `tahun` varchar(250) NOT NULL,
  `nama` varchar(250) NOT NULL,
  `alias` varchar(350) NOT NULL,
  `alamat` text NOT NULL,
  `isi` text NOT NULL,
  `gambar` varchar(100) NOT NULL,
  `akabest` varchar(250) NOT NULL
) ENGINE=InnoDB DEFAULT CHARSET=latin1;

--
-- Dumping data untuk tabel `profil`
--

INSERT INTO `profil` (`id_profil`, `nama_app`, `tahun`, `nama`, `alias`, `alamat`, `isi`, `gambar`, `akabest`) VALUES
(1, 'QUICK COUNT', '2022/2023', 'DEWAN PENGAWAS PROGRAMING', 'DPRD PRINGSEWU', 'JL Wismarini No 09 Pringsewu Lampung', '', '26122022051024.jpg', 'mardybest@gmail.com'),
(2, 're', '', 'MARDIYANTO', '19081989578978975', '', '', '', '');

-- --------------------------------------------------------

--
-- Struktur dari tabel `suara`
--

CREATE TABLE `suara` (
  `id_suara` int(100) NOT NULL,
  `id_kecamatan` int(100) NOT NULL,
  `id_desa` int(100) NOT NULL,
  `id_tps` int(100) NOT NULL,
  `id_paslon` int(100) NOT NULL,
  `suara_sah` varchar(100) NOT NULL,
  `suara_rusak` varchar(100) NOT NULL
) ENGINE=InnoDB DEFAULT CHARSET=latin1;

--
-- Dumping data untuk tabel `suara`
--

INSERT INTO `suara` (`id_suara`, `id_kecamatan`, `id_desa`, `id_tps`, `id_paslon`, `suara_sah`, `suara_rusak`) VALUES
(1, 1, 1, 1, 1, '120', '2'),
(2, 1, 1, 1, 2, '110', '5'),
(3, 1, 1, 2, 1, '230', '6'),
(4, 1, 1, 2, 2, '567', '6'),
(5, 1, 1, 1, 3, '340', '34'),
(6, 1, 1, 2, 3, '230', '2'),
(7, 1, 1, 3, 1, '230', '3'),
(8, 1, 1, 3, 2, '234', '2'),
(9, 1, 1, 3, 3, '321', '3'),
(10, 1, 1, 4, 1, '345', '3'),
(11, 1, 1, 4, 2, '234', '4'),
(12, 1, 1, 4, 3, '234', '5'),
(13, 1, 1, 5, 1, '123', '2'),
(14, 1, 1, 5, 2, '2345', '2'),
(15, 1, 1, 5, 3, '231', '4'),
(16, 1, 1, 8, 1, '321', '2'),
(17, 1, 1, 8, 2, '32', '3'),
(18, 1, 1, 8, 3, '342', '3'),
(19, 1, 1, 6, 1, '23', '4'),
(20, 1, 1, 6, 2, '32', '2'),
(21, 1, 1, 6, 3, '345', '2'),
(22, 1, 1, 7, 1, '56', '0'),
(23, 1, 1, 7, 2, '213', '56'),
(24, 1, 1, 7, 3, '451', '2');

-- --------------------------------------------------------

--
-- Struktur dari tabel `submenu`
--

CREATE TABLE `submenu` (
  `id_submenu` int(100) NOT NULL,
  `id_menu` int(100) NOT NULL,
  `nama_sub` varchar(100) NOT NULL,
  `link_sub` text NOT NULL,
  `icon_sub` varchar(100) NOT NULL
) ENGINE=InnoDB DEFAULT CHARSET=latin1;

--
-- Dumping data untuk tabel `submenu`
--

INSERT INTO `submenu` (`id_submenu`, `id_menu`, `nama_sub`, `link_sub`, `icon_sub`) VALUES
(1, 10, 'DESA', 'index.php?aksi=desa', 'fa-exchange'),
(2, 10, 'KECAMATAN', 'index.php?aksi=kecamatan', 'fa-exchange'),
(3, 10, 'TPS', 'index.php?aksi=tps', 'fa-exchange');

-- --------------------------------------------------------

--
-- Struktur dari tabel `tps`
--

CREATE TABLE `tps` (
  `id_tps` int(100) NOT NULL,
  `id_kecamatan` varchar(100) NOT NULL,
  `id_desa` varchar(100) NOT NULL,
  `no_tps` varchar(100) NOT NULL
) ENGINE=InnoDB DEFAULT CHARSET=latin1;

--
-- Dumping data untuk tabel `tps`
--

INSERT INTO `tps` (`id_tps`, `id_kecamatan`, `id_desa`, `no_tps`) VALUES
(1, '1', '1', '01'),
(2, '1', '1', '02'),
(3, '1', '1', '03'),
(4, '1', '1', '04'),
(5, '1', '1', '05'),
(6, '1', '1', '06'),
(7, '1', '1', '07'),
(8, '1', '1', '08'),
(9, '1', '2', '01'),
(10, '1', '2', '02'),
(11, '1', '2', '03'),
(12, '1', '2', '04'),
(13, '1', '2', '05'),
(14, '1', '2', '06'),
(15, '1', '2', '07'),
(16, '1', '2', '08'),
(17, '1', '2', '09'),
(18, '1', '2', '10'),
(19, '1', '3', '01'),
(20, '1', '3', '02'),
(21, '1', '3', '03'),
(22, '1', '3', '04'),
(23, '1', '4', '01'),
(24, '1', '4', '02'),
(25, '1', '4', '03'),
(26, '1', '5', '01'),
(27, '1', '5', '02'),
(28, '1', '5', '03'),
(29, '1', '5', '04'),
(30, '1', '5', '05'),
(31, '1', '6', '01'),
(32, '1', '6', '02'),
(33, '1', '6', '03'),
(34, '1', '6', '04'),
(35, '1', '6', '05'),
(36, '1', '6', '06'),
(37, '1', '7', '01'),
(38, '1', '7', '02'),
(39, '1', '8', '01'),
(40, '1', '8', '02'),
(41, '1', '8', '03'),
(42, '1', '8', '04'),
(43, '1', '8', '05'),
(44, '1', '9', '01'),
(45, '1', '9', '02'),
(46, '1', '9', '03'),
(47, '1', '9', '04'),
(48, '1', '10', '01'),
(49, '1', '10', '02'),
(50, '1', '10', '03'),
(51, '1', '10', '04'),
(52, '1', '10', '05'),
(53, '1', '11', '01'),
(54, '1', '11', '02'),
(55, '1', '11', '03'),
(56, '1', '11', '04'),
(57, '1', '12', '01'),
(58, '1', '12', '02'),
(59, '1', '12', '03'),
(60, '1', '12', '04'),
(61, '1', '13', '01'),
(62, '1', '13', '02'),
(63, '1', '13', '03'),
(64, '1', '13', '04'),
(65, '1', '13', '05'),
(66, '1', '13', '06'),
(67, '1', '13', '07'),
(68, '1', '13', '08'),
(69, '1', '13', '09'),
(70, '1', '13', '10'),
(71, '1', '13', '11'),
(72, '1', '13', '12'),
(73, '2', '14', '01'),
(74, '2', '14', '02'),
(75, '2', '14', '03'),
(76, '2', '14', '04'),
(77, '2', '14', '05'),
(78, '2', '14', '06'),
(79, '2', '14', '07'),
(80, '2', '14', '08'),
(81, '2', '14', '09'),
(82, '2', '14', '10'),
(83, '2', '14', '11'),
(84, '2', '14', '12'),
(85, '2', '14', '13'),
(86, '2', '15', '01'),
(87, '2', '15', '02'),
(88, '2', '15', '03'),
(89, '2', '15', '04'),
(90, '2', '15', '05'),
(91, '2', '15', '06'),
(92, '2', '15', '07'),
(93, '2', '15', '08'),
(94, '2', '16', '01'),
(95, '2', '16', '02'),
(96, '2', '17', '01'),
(97, '2', '17', '02'),
(98, '2', '17', '03'),
(99, '2', '17', '04'),
(100, '2', '17', '05'),
(101, '2', '18', '01'),
(102, '2', '18', '02'),
(103, '2', '18', '03'),
(104, '2', '18', '04'),
(105, '2', '18', '05'),
(106, '2', '18', '06'),
(107, '2', '18', '07'),
(108, '2', '18', '08'),
(109, '2', '18', '09'),
(110, '2', '18', '10'),
(111, '2', '18', '11'),
(112, '2', '18', '12'),
(113, '2', '18', '13'),
(114, '2', '19', '01'),
(115, '2', '19', '02'),
(116, '2', '19', '03'),
(117, '2', '19', '04'),
(118, '2', '19', '05'),
(119, '2', '19', '06'),
(120, '2', '19', '07'),
(121, '2', '19', '08'),
(122, '2', '20', '01'),
(123, '2', '20', '02'),
(124, '2', '20', '03'),
(125, '2', '20', '04'),
(126, '2', '20', '05'),
(127, '2', '20', '06'),
(128, '2', '20', '07'),
(129, '2', '20', '08'),
(130, '2', '20', '09'),
(131, '2', '20', '10'),
(132, '2', '20', '11'),
(133, '2', '20', '12'),
(134, '2', '21', '01'),
(135, '2', '21', '02'),
(136, '2', '21', '03'),
(137, '2', '21', '04'),
(138, '3', '22', '01'),
(139, '3', '22', '02'),
(140, '3', '22', '03'),
(141, '3', '22', '04'),
(142, '3', '22', '05'),
(143, '3', '23', '01'),
(144, '3', '23', '02'),
(145, '3', '23', '03'),
(146, '3', '23', '04'),
(147, '3', '23', '05'),
(148, '3', '23', '06'),
(149, '3', '23', '07'),
(150, '3', '23', '08'),
(151, '3', '24', '01'),
(152, '3', '24', '02'),
(153, '3', '24', '03'),
(154, '3', '24', '04'),
(155, '3', '25', '01'),
(156, '3', '25', '02'),
(157, '3', '25', '03'),
(158, '3', '25', '04'),
(159, '3', '25', '05'),
(160, '3', '25', '06'),
(161, '3', '25', '07'),
(162, '3', '25', '08'),
(163, '3', '25', '09'),
(164, '3', '26', '01'),
(165, '3', '26', '02'),
(166, '3', '27', '01'),
(167, '3', '27', '02'),
(168, '3', '27', '03'),
(169, '3', '28', '01'),
(170, '3', '28', '02'),
(171, '3', '28', '03'),
(172, '3', '29', '01'),
(173, '3', '29', '02'),
(174, '3', '29', '03'),
(175, '3', '29', '04'),
(176, '3', '29', '05'),
(177, '3', '30', '01'),
(178, '3', '30', '02'),
(179, '3', '30', '03'),
(180, '3', '31', '01'),
(181, '3', '31', '02'),
(182, '3', '31', '03'),
(183, '3', '31', '04'),
(184, '3', '31', '05'),
(185, '3', '31', '06'),
(186, '3', '31', '07'),
(187, '3', '32', '01'),
(188, '3', '32', '02'),
(189, '4', '33', '01'),
(190, '4', '33', '02'),
(191, '4', '33', '03'),
(192, '4', '33', '04'),
(193, '4', '33', '05'),
(194, '4', '33', '06'),
(195, '4', '34', '01'),
(196, '4', '34', '02'),
(197, '4', '34', '03'),
(198, '4', '34', '04'),
(199, '4', '34', '05'),
(200, '4', '34', '06'),
(201, '4', '34', '07'),
(202, '4', '34', '08'),
(203, '4', '35', '01'),
(204, '4', '35', '02'),
(205, '4', '35', '03'),
(206, '4', '35', '04'),
(207, '4', '35', '05'),
(208, '4', '35', '06'),
(209, '4', '36', '01'),
(210, '4', '36', '02'),
(211, '4', '36', '03'),
(212, '4', '36', '04'),
(213, '4', '36', '05'),
(214, '4', '36', '06'),
(215, '4', '36', '07'),
(216, '4', '36', '08'),
(217, '4', '36', '09'),
(218, '4', '36', '10'),
(219, '4', '36', '11'),
(220, '4', '36', '12'),
(221, '4', '37', '01'),
(222, '4', '37', '02'),
(223, '4', '37', '03'),
(224, '4', '37', '04'),
(225, '4', '38', '01'),
(226, '4', '38', '02'),
(227, '4', '38', '03'),
(228, '4', '38', '04'),
(229, '4', '38', '05'),
(230, '4', '38', '06'),
(231, '4', '38', '07'),
(232, '4', '39', '01'),
(233, '4', '39', '02'),
(234, '4', '39', '03'),
(235, '4', '40', '01'),
(236, '4', '40', '02'),
(237, '4', '40', '03'),
(238, '4', '41', '01'),
(239, '4', '41', '02'),
(240, '4', '41', '03'),
(241, '4', '41', '04'),
(242, '4', '41', '05'),
(243, '4', '41', '06'),
(244, '4', '41', '07'),
(245, '4', '41', '08'),
(246, '4', '41', '09'),
(247, '4', '42', '01'),
(248, '4', '42', '02'),
(249, '4', '42', '03'),
(250, '4', '42', '04'),
(251, '4', '42', '05'),
(252, '4', '43', '01'),
(253, '4', '43', '02'),
(254, '4', '43', '03'),
(255, '4', '43', '04'),
(256, '4', '43', '05'),
(257, '4', '43', '06'),
(258, '4', '43', '07'),
(259, '4', '43', '08'),
(260, '4', '43', '09'),
(261, '4', '43', '10'),
(262, '4', '44', '01'),
(263, '4', '44', '02'),
(264, '4', '44', '03'),
(265, '4', '44', '04'),
(266, '4', '44', '05'),
(267, '4', '44', '06'),
(268, '4', '44', '07'),
(269, '4', '44', '08'),
(270, '4', '45', '01'),
(271, '4', '45', '02'),
(272, '4', '45', '03'),
(273, '4', '45', '04'),
(274, '4', '46', '01'),
(275, '4', '46', '02'),
(276, '4', '46', '03'),
(277, '4', '46', '04'),
(278, '4', '46', '05'),
(279, '4', '46', '06'),
(280, '4', '46', '07'),
(281, '4', '46', '08'),
(282, '4', '46', '09'),
(283, '4', '47', '01'),
(284, '4', '47', '02'),
(285, '4', '47', '03'),
(286, '4', '47', '04'),
(287, '4', '47', '05'),
(288, '4', '47', '06'),
(289, '4', '47', '07'),
(290, '4', '47', '08'),
(291, '4', '47', '09'),
(292, '4', '47', '10'),
(293, '4', '48', '01'),
(294, '4', '48', '02'),
(295, '4', '48', '03'),
(296, '4', '48', '04'),
(297, '4', '48', '05'),
(298, '4', '49', '01'),
(299, '4', '49', '02'),
(300, '4', '49', '03'),
(301, '4', '49', '04'),
(302, '4', '50', '01'),
(303, '4', '50', '02'),
(304, '4', '50', '03'),
(305, '4', '50', '04'),
(306, '4', '51', '01'),
(307, '4', '51', '02'),
(308, '4', '51', '03'),
(309, '4', '51', '04'),
(310, '4', '51', '05'),
(311, '4', '51', '06'),
(312, '4', '51', '07'),
(313, '4', '51', '08'),
(314, '4', '51', '09'),
(315, '4', '51', '10'),
(316, '4', '51', '11'),
(317, '4', '51', '12'),
(318, '4', '51', '13'),
(319, '4', '51', '14'),
(320, '4', '51', '15'),
(321, '4', '51', '16'),
(322, '4', '51', '17'),
(323, '4', '51', '18'),
(324, '4', '51', '19'),
(325, '4', '51', '20'),
(326, '4', '51', '21'),
(327, '4', '52', '01'),
(328, '4', '52', '02'),
(329, '4', '52', '03'),
(330, '4', '52', '04'),
(331, '4', '52', '05'),
(332, '4', '53', '01'),
(333, '4', '53', '02'),
(334, '4', '53', '03'),
(335, '4', '53', '04'),
(336, '4', '53', '05'),
(337, '4', '53', '06'),
(338, '4', '54', '01'),
(339, '4', '54', '02'),
(340, '4', '54', '03'),
(341, '4', '54', '04'),
(342, '4', '54', '05'),
(343, '4', '54', '06'),
(344, '4', '54', '07'),
(345, '4', '55', '01'),
(346, '4', '55', '02'),
(347, '4', '55', '03'),
(348, '5', '56', '01'),
(349, '5', '56', '02'),
(350, '5', '56', '03'),
(351, '5', '56', '04'),
(352, '5', '56', '05'),
(353, '5', '56', '06'),
(354, '5', '57', '01'),
(355, '5', '57', '02'),
(356, '5', '58', '01'),
(357, '5', '58', '02'),
(358, '5', '58', '03'),
(359, '5', '58', '04'),
(360, '5', '58', '05'),
(361, '5', '59', '01'),
(362, '5', '59', '02'),
(363, '5', '60', '01'),
(364, '5', '60', '02'),
(365, '5', '60', '03'),
(366, '5', '61', '01'),
(367, '5', '61', '02'),
(368, '5', '61', '03'),
(369, '5', '61', '04'),
(370, '5', '61', '05'),
(371, '5', '61', '06'),
(374, '5', '62', '01'),
(375, '5', '62', '02'),
(376, '5', '62', '03'),
(377, '5', '62', '04'),
(378, '5', '62', '05'),
(379, '5', '62', '06'),
(380, '5', '63', '01'),
(381, '5', '63', '02'),
(382, '5', '63', '03'),
(383, '5', '63', '04'),
(384, '5', '63', '05'),
(385, '5', '63', '06'),
(388, '5', '64', '01'),
(389, '5', '64', '02'),
(390, '5', '64', '03'),
(391, '5', '64', '04'),
(392, '5', '64', '05'),
(393, '5', '64', '06'),
(394, '5', '65', '01'),
(395, '5', '65', '02'),
(396, '5', '66', '01'),
(397, '5', '66', '02'),
(398, '5', '66', '03'),
(399, '5', '66', '04'),
(400, '5', '66', '05'),
(401, '5', '66', '06'),
(402, '5', '66', '07'),
(403, '5', '66', '08'),
(404, '5', '66', '09'),
(405, '5', '66', '10'),
(406, '5', '66', '11'),
(407, '5', '67', '01'),
(408, '5', '67', '02'),
(409, '5', '67', '03'),
(410, '5', '67', '04'),
(411, '5', '67', '05'),
(412, '5', '67', '06'),
(413, '5', '67', '07'),
(414, '5', '67', '08'),
(415, '5', '68', '01'),
(416, '5', '68', '02'),
(417, '5', '68', '03'),
(418, '5', '68', '04'),
(419, '5', '68', '05'),
(420, '5', '68', '06'),
(421, '5', '68', '07'),
(422, '5', '69', '01'),
(423, '5', '69', '02'),
(424, '5', '69', '03'),
(425, '5', '69', '04'),
(426, '5', '70', '01'),
(427, '5', '70', '02'),
(428, '5', '70', '03'),
(429, '5', '70', '04'),
(430, '5', '70', '05'),
(431, '5', '70', '06'),
(432, '5', '70', '07'),
(433, '5', '71', '01'),
(434, '5', '71', '02'),
(435, '5', '71', '03'),
(436, '5', '72', '01'),
(437, '5', '72', '02'),
(438, '5', '73', '01'),
(439, '5', '73', '02'),
(440, '5', '73', '03'),
(441, '5', '73', '04'),
(442, '5', '74', '01'),
(443, '5', '74', '02'),
(444, '5', '75', '01'),
(445, '5', '75', '02'),
(446, '5', '75', '03'),
(447, '5', '76', '01'),
(448, '5', '76', '02'),
(449, '5', '76', '03'),
(450, '5', '77', '01'),
(451, '5', '77', '02'),
(452, '5', '77', '03'),
(453, '6', '78', '01'),
(454, '6', '78', '02'),
(455, '6', '79', '01'),
(456, '6', '79', '02'),
(457, '6', '79', '03'),
(458, '6', '80', '01'),
(459, '6', '80', '02'),
(460, '6', '80', '03'),
(461, '6', '81', '01'),
(462, '6', '81', '02'),
(463, '6', '82', '01'),
(464, '6', '82', '02'),
(465, '6', '82', '03'),
(466, '6', '83', '01'),
(467, '6', '83', '02'),
(468, '6', '83', '03'),
(469, '6', '84', '01'),
(470, '6', '84', '02'),
(471, '6', '84', '03'),
(472, '6', '84', '04'),
(473, '6', '84', '05'),
(474, '6', '84', '06'),
(475, '6', '85', '01'),
(476, '6', '85', '02'),
(477, '6', '86', '01'),
(478, '6', '86', '02'),
(479, '6', '86', '03'),
(480, '6', '87', '01'),
(481, '6', '87', '02'),
(482, '7', '88', '01'),
(483, '7', '88', '02'),
(484, '7', '88', '03'),
(485, '7', '88', '04'),
(486, '7', '88', '05'),
(487, '7', '89', '01'),
(488, '7', '89', '02'),
(489, '7', '89', '03'),
(490, '7', '89', '04'),
(491, '7', '89', '05'),
(492, '7', '89', '06'),
(493, '7', '89', '07'),
(494, '7', '89', '08'),
(495, '7', '89', '09'),
(496, '7', '89', '10'),
(497, '7', '89', '11'),
(498, '7', '89', '12'),
(499, '7', '89', '13'),
(500, '7', '89', '14'),
(501, '7', '89', '15'),
(502, '7', '89', '16'),
(503, '7', '90', '01'),
(504, '7', '90', '02'),
(505, '7', '90', '03'),
(506, '7', '91', '01'),
(507, '7', '91', '02'),
(508, '7', '91', '03'),
(509, '7', '91', '04'),
(510, '7', '92', '01'),
(511, '7', '92', '02'),
(512, '7', '92', '03'),
(513, '7', '92', '04'),
(514, '7', '92', '05'),
(515, '7', '92', '06'),
(516, '7', '92', '07'),
(517, '7', '92', '08'),
(518, '7', '92', '09'),
(519, '7', '92', '10'),
(520, '7', '93', '01'),
(521, '7', '93', '02'),
(522, '7', '93', '03'),
(523, '7', '93', '04'),
(524, '7', '93', '05'),
(525, '7', '94', '01'),
(526, '7', '94', '02'),
(527, '7', '94', '03'),
(528, '7', '94', '04'),
(529, '7', '94', '05'),
(530, '7', '94', '06'),
(531, '7', '95', '01'),
(532, '7', '95', '02'),
(533, '7', '95', '03'),
(534, '7', '95', '04'),
(535, '7', '95', '05'),
(536, '7', '95', '06'),
(537, '7', '95', '07'),
(538, '7', '96', '01'),
(539, '7', '96', '02'),
(540, '7', '97', '01'),
(541, '7', '97', '02'),
(542, '7', '97', '03'),
(543, '7', '97', '04'),
(544, '7', '97', '05'),
(545, '7', '97', '06'),
(546, '7', '97', '07'),
(547, '7', '97', '08'),
(548, '7', '98', '01'),
(549, '7', '98', '02'),
(550, '7', '98', '03'),
(551, '7', '98', '04'),
(552, '7', '98', '05'),
(553, '7', '98', '06'),
(554, '7', '98', '07'),
(555, '7', '98', '08'),
(556, '7', '99', '01'),
(557, '7', '99', '02'),
(558, '7', '99', '03'),
(559, '7', '100', '01'),
(560, '7', '100', '02'),
(561, '7', '100', '03'),
(562, '7', '100', '04'),
(563, '7', '100', '05'),
(564, '7', '100', '06'),
(565, '7', '100', '07'),
(566, '7', '100', '08'),
(567, '7', '100', '09'),
(568, '7', '100', '10'),
(569, '8', '101', '01'),
(570, '8', '101', '02'),
(571, '8', '101', '03'),
(572, '8', '101', '04'),
(573, '8', '101', '05'),
(574, '8', '101', '06'),
(575, '8', '101', '07'),
(576, '8', '102', '01'),
(577, '8', '102', '02'),
(578, '8', '102', '03'),
(579, '8', '102', '04'),
(580, '8', '103', '01'),
(581, '8', '103', '02'),
(582, '8', '103', '03'),
(583, '8', '103', '04'),
(584, '8', '103', '05'),
(585, '8', '103', '06'),
(586, '8', '104', '01'),
(587, '8', '104', '02'),
(588, '8', '104', '03'),
(589, '8', '104', '04'),
(590, '8', '104', '05'),
(591, '8', '105', '01'),
(592, '8', '105', '02'),
(593, '8', '105', '03'),
(594, '8', '105', '04'),
(595, '8', '105', '05'),
(596, '8', '105', '06'),
(597, '8', '105', '07'),
(598, '8', '105', '08'),
(599, '8', '105', '09'),
(600, '8', '105', '10'),
(601, '8', '105', '11'),
(602, '8', '105', '12'),
(603, '8', '105', '13'),
(604, '8', '105', '14'),
(605, '8', '105', '15'),
(606, '8', '105', '16'),
(607, '8', '105', '17'),
(608, '8', '106', '01'),
(609, '8', '106', '02'),
(610, '8', '106', '03'),
(611, '8', '106', '04'),
(612, '8', '106', '05'),
(613, '8', '106', '06'),
(614, '8', '106', '07'),
(615, '8', '106', '08'),
(616, '8', '106', '09'),
(617, '8', '107', '01'),
(618, '8', '107', '02'),
(619, '8', '107', '03'),
(620, '8', '107', '04'),
(621, '8', '107', '05'),
(622, '8', '107', '06'),
(623, '8', '107', '07'),
(624, '8', '107', '08'),
(625, '8', '107', '09'),
(626, '8', '108', '01'),
(627, '8', '108', '02'),
(628, '8', '108', '03'),
(629, '8', '108', '04'),
(630, '8', '108', '05'),
(631, '8', '108', '06'),
(632, '8', '108', '07'),
(633, '8', '108', '08'),
(634, '8', '109', '01'),
(635, '8', '109', '02'),
(636, '8', '109', '03'),
(637, '8', '109', '04'),
(638, '8', '109', '05'),
(639, '8', '109', '06'),
(640, '8', '109', '07'),
(641, '8', '109', '08'),
(642, '8', '109', '09'),
(643, '8', '109', '10'),
(644, '8', '109', '11'),
(645, '8', '109', '12'),
(646, '8', '109', '13'),
(647, '8', '109', '14'),
(648, '8', '109', '15'),
(649, '8', '109', '16'),
(650, '8', '109', '17'),
(651, '8', '109', '18'),
(652, '8', '109', '19'),
(653, '8', '109', '20'),
(654, '8', '110', '01'),
(655, '8', '110', '02'),
(656, '8', '110', '03'),
(657, '8', '110', '04'),
(658, '8', '110', '05'),
(659, '8', '110', '06'),
(660, '8', '110', '07'),
(661, '8', '110', '08'),
(662, '8', '110', '09'),
(663, '8', '110', '10'),
(664, '8', '110', '11'),
(665, '8', '110', '12'),
(666, '8', '110', '13'),
(667, '8', '110', '14'),
(668, '8', '110', '15'),
(669, '8', '110', '16'),
(670, '8', '110', '17'),
(671, '8', '110', '18'),
(672, '8', '110', '19'),
(673, '8', '110', '20'),
(674, '8', '110', '21'),
(675, '8', '110', '22'),
(676, '8', '110', '23'),
(677, '8', '111', '01'),
(678, '8', '111', '02'),
(679, '8', '111', '03'),
(680, '8', '111', '04'),
(681, '8', '111', '05'),
(682, '8', '111', '06'),
(683, '8', '111', '07'),
(684, '8', '111', '08'),
(685, '8', '111', '09'),
(686, '8', '111', '10'),
(687, '8', '111', '11'),
(688, '8', '111', '12'),
(689, '8', '111', '13'),
(690, '8', '111', '14'),
(691, '8', '111', '15'),
(692, '8', '111', '16'),
(693, '8', '111', '17'),
(694, '8', '112', '01'),
(695, '8', '112', '02'),
(696, '8', '112', '03'),
(697, '8', '112', '04'),
(698, '8', '112', '05'),
(699, '8', '112', '06'),
(700, '8', '112', '07'),
(701, '8', '112', '08'),
(702, '8', '112', '09'),
(703, '8', '112', '10'),
(704, '8', '112', '11'),
(705, '8', '112', '12'),
(706, '8', '112', '13'),
(707, '8', '112', '14'),
(708, '8', '112', '15'),
(709, '8', '112', '16'),
(710, '8', '112', '17'),
(711, '8', '112', '18'),
(712, '8', '112', '19'),
(713, '8', '113', '01'),
(714, '8', '113', '02'),
(715, '8', '113', '03'),
(716, '8', '113', '04'),
(717, '8', '113', '05'),
(718, '8', '113', '06'),
(719, '8', '113', '07'),
(720, '8', '113', '08'),
(721, '8', '114', '01'),
(722, '8', '114', '02'),
(723, '8', '114', '03'),
(724, '8', '114', '04'),
(725, '8', '114', '05'),
(726, '8', '114', '06'),
(727, '8', '114', '07'),
(728, '8', '114', '08'),
(729, '8', '114', '09'),
(730, '8', '114', '10'),
(731, '8', '114', '11'),
(732, '8', '114', '12'),
(733, '8', '115', '01'),
(734, '8', '115', '02'),
(735, '8', '115', '03'),
(736, '8', '115', '04'),
(737, '8', '115', '05'),
(738, '8', '115', '06'),
(739, '8', '115', '07'),
(740, '8', '115', '08'),
(741, '8', '115', '09'),
(742, '8', '115', '10'),
(743, '9', '116', '01'),
(744, '9', '116', '02'),
(745, '9', '116', '03'),
(746, '9', '116', '04'),
(747, '9', '117', '01'),
(748, '9', '117', '02'),
(749, '9', '117', '03'),
(750, '9', '117', '04'),
(751, '9', '117', '05'),
(752, '9', '117', '06'),
(753, '9', '117', '07'),
(754, '9', '118', '01'),
(755, '9', '118', '02'),
(756, '9', '118', '03'),
(757, '9', '118', '04'),
(758, '9', '119', '01'),
(759, '9', '119', '02'),
(760, '9', '119', '03'),
(761, '9', '119', '04'),
(762, '9', '119', '05'),
(763, '9', '120', '01'),
(764, '9', '120', '02'),
(765, '9', '120', '03'),
(766, '9', '121', '01'),
(767, '9', '121', '02'),
(768, '9', '122', '01'),
(769, '9', '122', '02'),
(770, '9', '122', '03'),
(771, '9', '122', '04'),
(772, '9', '123', '01'),
(773, '9', '123', '02'),
(774, '9', '123', '03'),
(775, '9', '124', '01'),
(776, '9', '124', '02'),
(777, '9', '124', '03'),
(778, '9', '124', '04'),
(779, '9', '125', '01'),
(780, '9', '125', '02'),
(781, '9', '125', '03'),
(782, '9', '125', '04'),
(783, '9', '125', '05'),
(784, '9', '125', '06'),
(785, '9', '125', '07'),
(786, '9', '125', '08'),
(787, '9', '125', '09'),
(788, '9', '125', '10'),
(789, '9', '126', '01'),
(790, '9', '126', '02'),
(791, '9', '126', '03'),
(792, '9', '126', '04'),
(793, '9', '126', '05'),
(794, '9', '127', '01'),
(795, '9', '127', '02'),
(796, '9', '127', '03'),
(797, '9', '127', '04'),
(798, '9', '127', '05'),
(799, '9', '127', '06'),
(800, '9', '127', '07'),
(801, '9', '127', '08'),
(802, '9', '127', '09'),
(803, '9', '127', '10'),
(804, '9', '128', '01'),
(805, '9', '128', '02'),
(806, '9', '129', '01'),
(807, '9', '129', '02'),
(808, '9', '129', '03'),
(809, '9', '130', '01'),
(810, '9', '130', '02'),
(811, '9', '130', '03'),
(812, '9', '130', '04'),
(813, '9', '130', '05'),
(814, '9', '130', '06'),
(815, '9', '130', '07'),
(816, '9', '130', '08'),
(817, '9', '130', '09'),
(818, '9', '131', '01'),
(819, '9', '131', '02'),
(820, '9', '131', '03'),
(821, '9', '131', '04'),
(822, '9', '131', '05'),
(823, '9', '131', '06'),
(824, '9', '131', '07'),
(825, '9', '131', '08');

-- --------------------------------------------------------

--
-- Struktur dari tabel `user`
--

CREATE TABLE `user` (
  `user_id` int(11) NOT NULL,
  `user_nama` varchar(100) NOT NULL,
  `user_username` varchar(100) NOT NULL,
  `user_password` varchar(100) NOT NULL,
  `user_foto` varchar(100) DEFAULT NULL
) ENGINE=InnoDB DEFAULT CHARSET=utf8;

--
-- Dumping data untuk tabel `user`
--

INSERT INTO `user` (`user_id`, `user_nama`, `user_username`, `user_password`, `user_foto`) VALUES
(1, 'Adminatun Jhony', 'admin', '21232f297a57a5a743894a0e4a801fc3', '482937136_avatar.png'),
(10, 'aka', 'aka', 'c4ca4238a0b923820dcc509a6f75849b', '1869563217_ilustrasi-ikan-lele-1_169.jpeg'),
(11, 'tes', '123', '202cb962ac59075b964b07152d234b70', ''),
(12, 'bangsat', 'bangsat', '528f980649c80a7269402447b51e815a', '1638032220_17-52-06-IMG-20221008-WA0001.jpg');

--
-- Indexes for dumped tables
--

--
-- Indexes for table `desa`
--
ALTER TABLE `desa`
  ADD PRIMARY KEY (`id_desa`);

--
-- Indexes for table `kecamatan`
--
ALTER TABLE `kecamatan`
  ADD PRIMARY KEY (`id_kecamatan`);

--
-- Indexes for table `menu`
--
ALTER TABLE `menu`
  ADD PRIMARY KEY (`id_menu`);

--
-- Indexes for table `paslon`
--
ALTER TABLE `paslon`
  ADD PRIMARY KEY (`id_paslon`);

--
-- Indexes for table `profil`
--
ALTER TABLE `profil`
  ADD PRIMARY KEY (`id_profil`);

--
-- Indexes for table `suara`
--
ALTER TABLE `suara`
  ADD PRIMARY KEY (`id_suara`);

--
-- Indexes for table `submenu`
--
ALTER TABLE `submenu`
  ADD PRIMARY KEY (`id_submenu`);

--
-- Indexes for table `tps`
--
ALTER TABLE `tps`
  ADD PRIMARY KEY (`id_tps`);

--
-- Indexes for table `user`
--
ALTER TABLE `user`
  ADD PRIMARY KEY (`user_id`);

--
-- AUTO_INCREMENT for dumped tables
--

--
-- AUTO_INCREMENT for table `desa`
--
ALTER TABLE `desa`
  MODIFY `id_desa` int(100) NOT NULL AUTO_INCREMENT, AUTO_INCREMENT=132;
--
-- AUTO_INCREMENT for table `kecamatan`
--
ALTER TABLE `kecamatan`
  MODIFY `id_kecamatan` int(100) NOT NULL AUTO_INCREMENT, AUTO_INCREMENT=10;
--
-- AUTO_INCREMENT for table `menu`
--
ALTER TABLE `menu`
  MODIFY `id_menu` int(11) NOT NULL AUTO_INCREMENT, AUTO_INCREMENT=19;
--
-- AUTO_INCREMENT for table `paslon`
--
ALTER TABLE `paslon`
  MODIFY `id_paslon` int(100) NOT NULL AUTO_INCREMENT, AUTO_INCREMENT=4;
--
-- AUTO_INCREMENT for table `profil`
--
ALTER TABLE `profil`
  MODIFY `id_profil` int(20) NOT NULL AUTO_INCREMENT, AUTO_INCREMENT=3;
--
-- AUTO_INCREMENT for table `suara`
--
ALTER TABLE `suara`
  MODIFY `id_suara` int(100) NOT NULL AUTO_INCREMENT, AUTO_INCREMENT=25;
--
-- AUTO_INCREMENT for table `submenu`
--
ALTER TABLE `submenu`
  MODIFY `id_submenu` int(100) NOT NULL AUTO_INCREMENT, AUTO_INCREMENT=4;
--
-- AUTO_INCREMENT for table `tps`
--
ALTER TABLE `tps`
  MODIFY `id_tps` int(100) NOT NULL AUTO_INCREMENT, AUTO_INCREMENT=826;
--
-- AUTO_INCREMENT for table `user`
--
ALTER TABLE `user`
  MODIFY `user_id` int(11) NOT NULL AUTO_INCREMENT, AUTO_INCREMENT=13;COMMIT;

/*!40101 SET CHARACTER_SET_CLIENT=@OLD_CHARACTER_SET_CLIENT */;
/*!40101 SET CHARACTER_SET_RESULTS=@OLD_CHARACTER_SET_RESULTS */;
/*!40101 SET COLLATION_CONNECTION=@OLD_COLLATION_CONNECTION */;
